lat,lon,ts
-21.9886,-179.0131,2025-10-02 14:49:35
-15.5214,-173.6291,2025-10-02 14:51:47
-12.7882,-171.5114,2025-10-02 14:52:42
18.102,-148.7492,2025-10-02 15:02:58
43.1482,-118.2533,2025-10-02 15:12:36
32.4106,-115.7818,2025-10-02 21:43:39
43.3179,-97.1,2025-10-04 22:32:02
-41.6774,-43.6121,2025-10-05 03:03:35
-32.6398,-30.2067,2025-10-05 03:07:20
51.2942,73.2554,2025-10-05 07:40:22
-49.6948,-130.3139,2025-10-05 08:24:44
9.5043,135.224,2025-10-05 09:34:40
11.9022,109.8382,2025-10-05 11:06:44
-49.06,155.928,2025-10-05 13:02:46
31.0853,45.4229,2025-10-05 14:05:46
-7.9067,-126.2106,2025-10-05 15:00:15
14.7861,36.8315,2025-10-05 15:44:21
-36.9504,-177.4473,2025-10-05 16:22:48
-1.4047,1.4572,2025-10-05 18:55:25
29.6892,-167.0658,2025-10-05 19:51:33
-40.3859,15.5761,2025-10-05 20:42:13
19.4366,136.042,2025-10-05 22:53:38
41.3231,114.6502,2025-10-06 02:07:40
9.0159,57.1262,2025-10-06 03:28:43
-29.3665,3.1293,2025-10-06 04:48:36
50.7043,125.0907,2025-10-06 05:24:08
8.0714,9.2394,2025-10-06 06:34:07
-4.9297,175.1841,2025-10-06 07:19:27
17.1842,135.3497,2025-10-06 08:44:59
-11.2751,-51.8711,2025-10-06 09:33:27
-42.0864,166.3143,2025-10-06 10:38:43
-10.4326,108.3987,2025-10-06 11:59:51
-1.5415,-115.6151,2025-10-06 14:15:14
29.2449,-90.7156,2025-10-06 14:25:41
11.3293,21.9112,2025-10-06 16:31:15
34.1573,-132.1982,2025-10-06 17:33:15
36.4812,-152.6859,2025-10-06 19:07:02
-6.4028,-12.5374,2025-10-06 19:42:49
-7.6346,145.6315,2025-10-06 20:24:40
-33.208,99.1596,2025-10-06 21:48:36
0.2042,-64.4409,2025-10-06 22:46:21
7.5247,109.2694,2025-10-06 23:35:23
-39.0085,-75.0724,2025-10-07 02:05:55
46.4768,172.812,2025-10-07 03:07:33
29.8552,57.5653,2025-10-07 04:21:38
32.2394,36.6709,2025-10-07 05:55:23
5.5778,173.7454,2025-10-07 06:28:52
51.4894,64.8655,2025-10-07 07:39:31
47.421,17.294,2025-10-07 09:08:04
-34.8367,160.9172,2025-10-07 09:48:30
11.6464,-52.8684,2025-10-07 10:26:45
-3.0739,85.5088,2025-10-07 12:43:09
51.3397,-32.0293,2025-10-07 13:50:31
-42.7633,-175.2576,2025-10-07 14:45:59
-46.4293,88.0901,2025-10-07 16:05:18
6.2093,-151.2534,2025-10-07 16:36:22
-0.7833,13.0902,2025-10-07 17:20:58
-38.2724,51.0724,2025-10-08 00:05:08
-17.4186,49.8187,2025-10-08 01:45:40
25.2476,58.9217,2025-10-08 03:32:49
-28.9127,-7.9065,2025-10-08 04:47:21
49.5691,120.3289,2025-10-08 05:23:55
-1.6693,-9.2346,2025-10-08 06:29:29
-44.8785,-79.5223,2025-10-08 07:46:19
-51.6018,-137.9263,2025-10-08 09:12:45
-14.0908,123.2535,2025-10-08 10:26:48
34.0519,36.3869,2025-10-08 13:16:05
-51.2808,117.8389,2025-10-08 15:22:31
-40.2886,148.2239,2025-10-08 17:05:40
51.4172,-142.7898,2025-10-08 20:47:50
5.2106,-126.7064,2025-10-09 01:48:58
-35.8576,-114.8343,2025-10-09 03:36:01
-21.1332,-154.1551,2025-10-09 05:03:27
-38.8037,-38.0961,2025-10-09 05:29:10
-49.7252,-89.7994,2025-10-09 06:55:54
29.2342,-1.8024,2025-10-09 07:25:39
39.1134,87.836,2025-10-10 02:03:46
-44.7881,-116.4846,2025-10-10 04:25:42
-19.7729,-172.8633,2025-10-10 05:48:38
6.7707,143.8391,2025-10-10 07:12:40
-37.4759,-77.2014,2025-10-10 07:48:14
13.9556,114.8927,2025-10-10 08:43:08
25.3509,-46.8599,2025-10-10 09:42:45
-10.9252,-98.2123,2025-10-10 11:03:28
26.9975,-68.8468,2025-10-10 11:16:12
14.284,-127.0912,2025-10-10 14:17:31
50.2631,-36.5171,2025-10-10 14:38:51
-49.1868,68.7264,2025-10-10 16:51:21
48.8514,-100.3025,2025-10-10 19:18:41
9.1084,134.6251,2025-10-10 20:27:12
-44.1551,58.3256,2025-10-10 21:40:51
50.3062,171.9654,2025-10-10 22:17:24
-23.1273,63.0936,2025-10-10 23:22:08
-33.7496,-129.0764,2025-10-11 03:33:37
33.8403,149.2068,2025-10-11 04:43:09
-8.6005,160.8909,2025-10-11 06:30:31
32.7466,-9.3069,2025-10-11 07:25:24
-44.5812,154.6965,2025-10-11 09:49:47
32.3411,56.6532,2025-10-11 10:55:08
-41.8938,101.8059,2025-10-11 12:54:09
40.6387,-92.3027,2025-10-11 13:40:02
-19.15,51.0981,2025-10-11 14:18:19
-44.9193,61.1264,2025-10-11 16:01:22
-21.0382,165.3914,2025-10-11 16:24:13
-23.2189,7.4485,2025-10-11 17:25:25
-12.1477,-25.2383,2025-10-11 18:54:30
-22.5545,-71.8986,2025-10-12 07:52:12
35.1917,-47.3405,2025-10-12 09:44:48
51.6126,-17.4036,2025-10-12 11:28:42
49.2517,-63.4665,2025-10-12 12:57:40
-48.0875,76.4738,2025-10-12 15:16:02
31.2005,-30.3349,2025-10-12 16:19:43
33.0927,-56.1602,2025-10-12 17:51:51
-43.3552,95.8164,2025-10-12 18:33:55
42.0951,111.2888,2025-10-12 23:43:24
-36.8043,-152.4049,2025-10-13 11:38:10
-20.1876,40.5202,2025-10-13 14:17:00
-3.0758,167.711,2025-10-13 16:28:34
-17.7426,133.1152,2025-10-13 17:56:31
25.2839,142.5162,2025-10-13 19:43:47
24.8062,-112.0357,2025-10-13 21:46:09
-51.104,-42.633,2025-10-13 23:48:48
50.1532,82.8122,2025-10-14 05:18:32
7.3744,120.4884,2025-10-14 07:09:08
25.7011,-69.4343,2025-10-14 09:39:33
-16.1303,-125.1261,2025-10-14 10:58:23
-5.0645,58.5748,2025-10-14 11:51:47
29.0408,-113.2473,2025-10-14 12:46:27
-43.5768,154.6862,2025-10-14 13:53:32
-50.0628,109.9665,2025-10-14 15:22:08
-23.7019,2.5182,2025-10-14 16:36:36
47.0224,-93.1241,2025-10-14 17:43:43
24.5812,147.9326,2025-10-14 18:56:13
46.0808,-113.9816,2025-10-14 19:17:08
-41.8733,40.1782,2025-10-14 21:38:35
-22.3333,40.911,2025-10-14 23:19:01
-28.0603,-177.0536,2025-10-15 13:13:11
27.7476,-155.8544,2025-10-15 15:04:59
-42.8296,33.4143,2025-10-15 15:57:32
50.6975,-131.5714,2025-10-15 16:49:19
-28.6783,-10.2966,2025-10-15 17:24:39
23.2348,-75.0088,2025-10-15 18:40:00
-45.2,62.4182,2025-10-15 19:17:32
-51.5252,7.7288,2025-10-15 20:44:39
-15.0371,-93.2985,2025-10-15 21:58:34
-45.9019,-10.225,2025-10-15 23:55:49
-44.876,-150.8801,2025-10-16 04:21:43
-43.8054,-176.9665,2025-10-16 05:54:04
-15.6894,125.5794,2025-10-16 07:16:09
-26.6449,135.1776,2025-10-16 07:19:57
-45.0121,138.6344,2025-10-16 09:00:28
43.8373,-55.912,2025-10-16 09:46:19
7.5695,-119.5672,2025-10-16 11:05:42
-28.418,66.1587,2025-10-16 11:59:16
29.4656,-4.4183,2025-10-16 13:12:29
34.1771,-142.6451,2025-10-16 14:20:47
-50.8517,43.7431,2025-10-16 16:49:23
-42.3747,74.6004,2025-10-16 18:32:21
15.3688,81.0638,2025-10-16 21:58:32
37.2551,79.9144,2025-10-16 23:39:22
5.0395,-172.8089,2025-10-17 01:43:59
-51.5146,-104.1203,2025-10-17 03:42:33
-26.4311,164.4839,2025-10-17 05:00:22
-7.4697,-53.5835,2025-10-17 05:35:26
-2.7813,-73.825,2025-10-17 07:09:53
24.5265,-52.7563,2025-10-17 07:19:02
38.0399,-60.5491,2025-10-17 08:57:03
-0.1738,72.8701,2025-10-17 09:30:09
49.6676,-55.1583,2025-10-17 10:36:18
33.8078,-113.593,2025-10-17 12:01:07
-50.0103,104.4082,2025-10-17 14:35:10
-41.622,19.2637,2025-10-17 15:56:37
49.2176,-151.7142,2025-10-17 16:47:29
-51.4693,20.7873,2025-10-17 19:11:37
6.5909,104.0031,2025-10-17 19:36:05
-51.5943,-10.437,2025-10-17 20:43:14
-32.669,-88.424,2025-10-17 22:04:28
16.2707,-151.6985,2025-10-17 23:20:43
37.9004,39.5795,2025-10-18 01:58:47
-16.996,-31.3009,2025-10-18 03:12:43
25.81,129.1664,2025-10-18 03:56:04
-25.8893,-62.7207,2025-10-18 04:42:31
-31.2359,151.8748,2025-10-18 05:48:22
43.4472,57.6685,2025-10-18 06:54:44
-44.6389,-136.8318,2025-10-18 07:40:36
-34.9694,109.2309,2025-10-18 08:55:35
28.4475,-90.1787,2025-10-18 09:39:34
-21.7231,71.6118,2025-10-18 10:23:37
14.6529,20.7369,2025-10-18 11:44:22
1.7986,177.7358,2025-10-19 01:44:38
-6.6384,-41.1391,2025-10-19 04:02:24
50.2098,64.9346,2025-10-19 04:30:44
15.5857,-48.5568,2025-10-19 05:42:39
16.7272,-71.2512,2025-10-19 07:15:55
-37.1873,-140.8544,2025-10-19 08:30:14
-13.7017,47.3649,2025-10-19 11:07:06
-37.7755,48.2806,2025-10-19 12:48:43
48.2376,-67.6233,2025-10-19 13:49:44
14.6664,-67.7632,2025-10-19 17:09:14
-48.5811,52.0563,2025-10-19 17:41:43
-48.4301,-22.1258,2025-10-19 19:05:45
25.9853,108.0394,2025-10-19 19:42:13
-27.6084,-82.1458,2025-10-19 20:29:14
48.4156,173.6915,2025-10-19 21:34:02
42.8091,83.6122,2025-10-19 22:54:43
-37.7698,-116.9579,2025-10-19 23:38:55
-19.7594,-21.725,2025-10-20 01:38:25
-51.4017,-155.0091,2025-10-20 06:01:34
19.3148,-63.1941,2025-10-20 06:30:06
46.149,15.7598,2025-10-20 08:25:41
-9.8532,-131.9702,2025-10-20 09:26:11
-50.9977,115.9193,2025-10-20 10:37:09
-2.6809,21.6157,2025-10-20 11:49:37
-17.7654,9.3107,2025-10-20 13:27:31
-4.6799,160.9727,2025-10-20 14:06:33
50.7764,-98.2213,2025-10-20 14:33:32
7.8275,146.2922,2025-10-20 15:43:33
-33.1289,-22.8681,2025-10-20 16:38:48
46.5018,-126.8625,2025-10-20 17:42:47
17.7434,106.6724,2025-10-20 18:52:38
-15.1345,-87.2105,2025-10-20 19:38:10
45.1074,118.3201,2025-10-20 20:36:17
-31.3989,20.0929,2025-10-20 21:41:46
40.6292,175.3521,2025-10-20 22:24:25
42.0716,149.0858,2025-10-20 23:56:39
36.0967,135.1936,2025-10-21 01:32:07
1.8743,-70.4094,2025-10-21 05:37:33
4.3812,-115.8323,2025-10-21 08:44:08
20.3617,-150.781,2025-10-21 11:55:15
-28.0284,124.1108,2025-10-21 14:44:43
-51.3141,-16.3123,2025-10-21 19:08:18
9.2874,-146.2316,2025-10-21 21:49:06
47.3704,12.624,2025-10-22 03:35:16
-2.2595,-67.3908,2025-10-22 04:49:25
-45.7575,-139.4909,2025-10-22 06:06:00
25.4267,58.8699,2025-10-22 07:00:53
-44.838,126.5803,2025-10-22 07:26:00
-48.066,112.3758,2025-10-22 09:00:50
18.4456,17.8496,2025-10-22 10:09:04
40.8245,-55.0783,2025-10-22 13:06:23
23.956,171.1571,2025-10-22 14:15:29
-21.9216,-22.4762,2025-10-22 15:01:12
-22.759,-68.9365,2025-10-22 18:07:15
30.8917,-135.6172,2025-10-22 19:21:56
10.9922,-141.5389,2025-10-22 21:01:44
-23.5845,-7.2463,2025-10-22 23:16:49
-40.0827,-42.2624,2025-10-23 17:27:04
-7.0238,-99.0374,2025-10-23 18:48:00
-10.9313,32.6535,2025-10-23 21:01:26
43.4954,164.0404,2025-10-23 21:35:36
22.759,34.4106,2025-10-23 22:45:32
-8.8928,-168.481,2025-10-23 23:27:15
29.6673,-100.4174,2025-10-24 08:05:16
-18.929,57.6908,2025-10-24 08:47:53
40.1472,-109.9758,2025-10-24 09:42:19
-41.6643,60.9442,2025-10-24 10:29:26
49.3318,-65.9538,2025-10-24 11:27:53
2.208,-28.8405,2025-10-24 13:19:29
4.0068,143.7599,2025-10-24 14:08:00
44.3266,-97.4365,2025-10-24 14:36:49
46.8159,170.3985,2025-10-24 15:57:12
35.9921,125.6559,2025-10-24 17:24:57
-48.4962,11.3404,2025-10-24 18:26:31
28.2766,-144.4668,2025-10-24 19:22:07
50.6451,116.2366,2025-10-24 20:38:57
-12.2357,14.0394,2025-10-24 21:47:01
-10.6319,-161.2267,2025-10-24 22:40:59
44.9931,119.3652,2025-10-24 23:53:43
-26.1888,164.5918,2025-10-25 01:52:04
36.1721,88.1191,2025-10-25 03:03:29
48.2802,-13.5452,2025-10-25 04:21:10
-32.1122,100.1159,2025-10-25 06:32:52
51.0892,-47.5743,2025-10-25 09:06:10
11.0927,154.8929,2025-10-25 13:23:29
-49.9796,-50.1772,2025-10-25 19:04:54
44.3683,4.741,2025-10-26 01:59:04
50.8825,31.1032,2025-10-26 03:40:58
-36.7226,-122.0896,2025-10-26 04:35:44
-30.6213,104.3885,2025-10-26 05:45:25
30.7556,30.0305,2025-10-26 06:57:19
-32.3012,-163.563,2025-10-26 07:43:13
44.3271,-14.6767,2025-10-26 08:24:26
40.3435,-121.2849,2025-10-26 09:41:31
-3.3181,174.1178,2025-10-26 10:58:57
41.8034,-142.2382,2025-10-26 11:15:03
47.2801,-93.4347,2025-10-26 13:01:21
-51.1945,54.6788,2025-10-26 13:44:10
50.3235,-130.077,2025-10-26 14:31:47
-14.6447,94.9551,2025-10-26 15:33:49
1.763,-87.37,2025-10-26 16:24:28
-3.7599,-107.0521,2025-10-26 17:59:10
-16.4193,46.3524,2025-10-26 18:38:57
-46.0206,-15.9411,2025-10-26 20:00:05
-50.8179,-156.6804,2025-10-27 02:03:20
-34.4572,-113.036,2025-10-27 03:49:43
-51.3217,161.2213,2025-10-27 05:09:57
42.8552,-63.3716,2025-10-27 05:50:00
-20.3245,-145.6777,2025-10-27 07:00:36
44.3842,-83.638,2025-10-27 07:23:39
-29.2876,135.0107,2025-10-27 11:36:02
-47.6575,32.3069,2025-10-27 16:06:24
34.4675,179.158,2025-10-27 20:04:48
-18.1662,-43.4742,2025-10-28 00:02:54
46.0234,-2.7215,2025-10-28 01:58:59
50.0883,-10.9863,2025-10-28 03:34:48
-50.7252,161.3838,2025-10-28 04:22:00
-41.4509,-164.9667,2025-10-28 06:05:34
-20.0961,59.0087,2025-10-28 07:13:32
-14.7777,-158.763,2025-10-28 07:48:24
-32.6903,160.753,2025-10-28 09:14:56
44.1906,-49.5818,2025-10-28 09:56:22
-22.8368,-9.3942,2025-10-28 11:53:05
-14.7681,-39.7255,2025-10-28 13:23:11
-46.3648,1.2257,2025-10-28 13:35:42
24.6623,-93.3544,2025-10-28 14:42:52
5.7633,74.558,2025-10-28 17:12:24
21.7383,-137.8978,2025-10-28 17:49:37
9.2702,53.5067,2025-10-28 18:46:26
31.0026,-170.6677,2025-10-28 19:19:10
-9.8883,-161.4273,2025-10-28 21:05:54
-9.4837,127.4755,2025-10-29 01:44:22
29.2098,-118.1749,2025-10-29 07:16:14
12.0192,-29.6309,2025-10-29 10:54:28
10.3021,-99.1444,2025-10-29 15:33:38
-25.6081,-14.4624,2025-10-29 20:53:30
-27.3596,37.0235,2025-10-30 17:00:07
-17.9632,21.9078,2025-10-30 18:36:15
5.3098,-160.2918,2025-10-30 19:26:52
8.4511,173.8361,2025-10-30 20:58:41
-43.4911,-56.6224,2025-10-30 21:32:07
11.1557,148.2375,2025-10-30 22:30:39
-4.9386,-39.0366,2025-10-30 23:19:12
51.6135,-68.953,2025-10-31 07:28:23
16.5147,-164.924,2025-10-31 08:43:28
-30.2225,15.9571,2025-10-31 09:34:42
3.2974,-34.8411,2025-10-31 10:56:09
-51.2417,60.5463,2025-10-31 11:22:00
28.8291,135.4539,2025-10-31 13:26:22
38.2922,-114.9893,2025-10-31 13:49:29
-45.8274,38.2029,2025-10-31 14:32:22
31.3131,-129.3837,2025-10-31 15:25:07
49.8924,129.9632,2025-10-31 16:42:14
-7.0195,36.2819,2025-10-31 17:52:52
-10.2692,-143.1047,2025-10-31 18:44:57
-51.4845,-95.3005,2025-10-31 20:36:47
-45.0473,-149.4163,2025-10-31 22:03:57
39.1062,102.1369,2025-10-31 23:06:19
-17.751,-66.2935,2025-11-01 00:00:44
44.591,-53.1127,2025-11-01 03:28:43
-0.2637,-124.0846,2025-11-01 04:45:07
-48.8728,152.2277,2025-11-01 05:59:00
50.8705,-76.0012,2025-11-01 06:39:07
12.9636,-161.6759,2025-11-01 07:55:13
-7.9229,2.7849,2025-11-01 08:39:55
50.7532,-97.021,2025-11-01 09:49:15
-36.7995,108.6322,2025-11-01 10:43:48
26.9878,-71.5495,2025-11-01 11:33:54
30.7619,143.578,2025-11-01 12:40:00
-50.7815,-2.922,2025-11-01 13:36:53
-44.885,-49.3955,2025-11-01 15:05:20
-43.6223,-75.8968,2025-11-01 16:37:33
49.1639,108.8499,2025-11-01 17:27:22
-40.2602,-14.7766,2025-11-01 18:26:38
-42.7404,-43.0062,2025-11-01 19:58:21
42.6489,125.3934,2025-11-01 20:44:46
-43.1135,-147.7767,2025-11-01 21:15:52
27.571,-25.0112,2025-11-01 23:28:52
-13.2241,67.3265,2025-11-02 14:43:46
41.2239,-155.0452,2025-11-02 15:19:46
-7.5761,-133.0262,2025-11-02 17:09:52
-21.868,-145.3604,2025-11-02 18:47:34
-49.6807,-81.4064,2025-11-02 20:39:49
51.3163,74.6831,2025-11-02 21:24:06
48.1857,69.5667,2025-11-02 23:00:15
-26.822,-85.9508,2025-11-02 23:56:14
-49.0576,93.8326,2025-11-03 05:49:30
-21.0649,25.1569,2025-11-03 07:10:09
-4.4995,174.1715,2025-11-03 07:48:07
-25.2759,133.9683,2025-11-03 09:13:57
25.6486,173.935,2025-11-03 09:31:05
45.1664,178.7601,2025-11-03 11:11:59
-23.3394,-43.6155,2025-11-03 11:49:31
31.6409,-111.6718,2025-11-03 13:03:42
-49.8269,-20.5016,2025-11-03 13:34:28
-39.1614,-72.149,2025-11-03 15:01:16
34.7465,89.6601,2025-11-03 15:45:54
-43.4535,-87.7939,2025-11-03 16:36:06
-10.3484,4.736,2025-11-03 18:36:11
-50.0398,-113.7331,2025-11-03 19:46:07
-19.3,171.2734,2025-11-03 21:05:16
-47.1115,-112.5918,2025-11-03 23:00:20
-1.0779,110.3728,2025-11-04 00:04:54
-26.6241,-150.5105,2025-11-04 03:47:45
-16.5292,51.0201,2025-11-04 04:48:37
51.5897,-71.1717,2025-11-04 05:52:24
-47.9973,48.5445,2025-11-04 08:07:18
45.7312,-150.1483,2025-11-04 08:52:19
-47.269,-1.0939,2025-11-04 11:12:31
43.3496,165.6455,2025-11-04 16:50:13
-14.0516,149.5028,2025-11-04 21:49:12
-10.7875,-83.9372,2025-11-05 00:00:20
27.6179,-77.6444,2025-11-05 01:46:05
-29.4327,-170.9579,2025-11-05 04:32:27
-46.9809,135.8672,2025-11-05 05:57:33
34.8896,-32.7945,2025-11-05 06:49:36
-20.3903,-10.5351,2025-11-05 08:41:21
4.6147,145.5379,2025-11-05 09:22:33
-45.7458,0.5386,2025-11-05 10:24:27
3.0971,-75.3201,2025-11-05 11:39:14
51.5551,175.6191,2025-11-05 12:49:19
-46.6404,-67.7597,2025-11-05 15:03:33
16.9184,60.3864,2025-11-05 15:38:04
12.9908,33.7119,2025-11-05 17:09:36
-14.5256,-156.8907,2025-11-05 17:56:29
48.0684,111.1116,2025-11-06 15:03:43
-30.1071,-136.7248,2025-11-06 17:14:46
41.7249,47.8716,2025-11-06 18:05:56
-19.4342,-31.4551,2025-11-06 19:17:21
-9.3827,-47.2017,2025-11-06 20:53:35
-43.7491,173.0058,2025-11-06 21:59:03
-13.3476,-73.7746,2025-11-06 22:25:07
51.0795,-16.4345,2025-11-07 02:00:13
-18.1613,-171.9753,2025-11-07 04:34:55
16.2073,-2.1747,2025-11-07 05:21:56
-35.1394,-6.6343,2025-11-07 08:45:14
43.6127,175.734,2025-11-07 09:35:23
41.5143,147.9166,2025-11-07 11:07:14
30.1966,-133.0467,2025-11-07 13:01:17
30.5821,-157.0691,2025-11-07 14:33:59
-0.0126,12.7745,2025-11-07 17:03:46
32.3656,16.5067,2025-11-07 18:47:43
-31.2197,-176.6164,2025-11-07 19:33:41
-46.7053,-110.7597,2025-11-07 21:24:44
51.4329,8.7562,2025-11-07 23:39:23
19.7853,175.3037,2025-11-08 07:06:01
33.537,-60.0981,2025-11-08 07:34:14
-14.0712,126.5548,2025-11-08 08:27:38
-0.5006,-78.1978,2025-11-08 10:51:40
2.4252,91.3528,2025-11-08 11:38:47
28.4651,89.0229,2025-11-08 13:20:29
51.4773,144.7291,2025-11-08 13:33:06
-45.2246,-6.285,2025-11-08 14:26:56
-51.5977,-63.4135,2025-11-08 15:53:37
38.9087,150.8043,2025-11-08 16:49:10
-23.6038,-22.991,2025-11-08 17:41:28
-41.1744,-68.5542,2025-11-08 19:07:53
2.9982,-26.3139,2025-11-08 19:23:37
-47.5763,-164.7477,2025-11-08 20:27:11
29.8909,91.6722,2025-11-08 21:31:42
6.521,-70.9945,2025-11-08 22:30:32
-42.4216,-141.7307,2025-11-08 23:45:56
50.9306,-74.4296,2025-11-09 03:28:09
-43.7738,43.4759,2025-11-09 05:42:15
-8.2886,-19.5022,2025-11-09 07:01:51
-40.7984,-9.6032,2025-11-09 08:46:35
-1.2276,118.276,2025-11-09 09:18:06
41.3976,136.0758,2025-11-09 11:06:11
-51.6079,-11.0682,2025-11-09 12:01:11
45.3453,167.5237,2025-11-09 14:26:41
51.5989,107.0852,2025-11-09 15:52:52
-16.0131,-178.8531,2025-11-09 17:54:33
27.2635,-0.7075,2025-11-09 18:44:57
31.4549,95.903,2025-11-09 20:44:13
-50.8613,-164.677,2025-11-09 22:53:15
27.3964,53.0673,2025-11-09 23:51:27
-49.5499,156.2187,2025-11-10 02:00:26
-19.4216,-178.6415,2025-11-10 03:46:29
51.5325,-99.3762,2025-11-10 05:49:43
-14.3233,138.2664,2025-11-10 06:53:58
-13.5293,-33.202,2025-11-10 07:49:33
37.7743,-101.1562,2025-11-10 09:04:42
-36.5854,68.7614,2025-11-10 09:51:41
-44.6353,-42.9734,2025-11-10 11:07:17
3.2316,80.2237,2025-11-10 11:38:24
-50.661,-44.0166,2025-11-10 12:44:32
35.2104,-168.34,2025-11-10 13:44:21
40.9066,70.3633,2025-11-10 14:57:40
-29.7471,-136.7134,2025-11-10 15:39:35
31.6933,148.8187,2025-11-10 16:51:27
-44.3053,-138.1498,2025-11-10 17:18:35
-39.2302,-171.4874,2025-11-10 18:49:05
14.6239,-52.9768,2025-11-10 20:59:24
-19.5658,-101.971,2025-11-10 22:20:54
38.1119,-99.4585,2025-11-11 01:46:33
26.3955,-160.7903,2025-11-11 04:47:49
-47.87,98.2451,2025-11-11 05:53:25
-6.4055,-32.497,2025-11-11 07:00:16
-19.8278,92.6057,2025-11-11 09:10:54
-12.3931,-75.2774,2025-11-11 10:07:59
-29.6229,160.1096,2025-11-12 03:41:52
-49.4937,55.5739,2025-11-12 04:57:56
39.2954,-67.9467,2025-11-12 05:57:17
47.8607,-166.4261,2025-11-12 07:16:00
-0.9571,-53.9855,2025-11-12 07:44:22
43.4324,-122.8392,2025-11-12 09:01:07
-37.2651,32.5694,2025-11-12 11:23:14
-34.8074,-11.2353,2025-11-12 14:29:58
-48.7444,-160.113,2025-11-12 18:53:08
50.8511,21.6022,2025-11-12 21:18:49
-51.5913,-61.1418,2025-11-13 13:31:24
-15.2746,13.9229,2025-11-13 13:49:57
40.5927,154.2737,2025-11-13 14:26:54
-48.0113,-79.0402,2025-11-13 16:42:17
11.6003,137.7682,2025-11-13 17:43:16
-36.363,155.0098,2025-11-13 19:32:39
-44.7112,146.4179,2025-11-13 21:09:19
48.394,-6.6318,2025-11-13 23:39:51
-24.0517,-47.5856,2025-11-14 07:50:57
37.3791,-123.755,2025-11-14 09:02:38
-51.5831,-3.1981,2025-11-14 09:39:24
29.3072,78.6241,2025-11-14 11:45:03
-47.8599,-104.1873,2025-11-14 14:12:41
-32.2712,-19.6486,2025-11-14 14:29:44
-51.4784,-105.5291,2025-11-14 15:49:31
51.5866,65.6779,2025-11-14 16:36:27
9.8283,121.5115,2025-11-14 18:29:39
33.0498,-35.1013,2025-11-14 19:30:46
-34.3947,111.1953,2025-11-14 21:50:32
20.0171,-75.2905,2025-11-15 06:49:07
-47.8035,51.7208,2025-11-15 07:23:58
4.7263,-87.1704,2025-11-15 08:27:06
24.8676,103.7895,2025-11-15 09:23:31
43.6388,105.7997,2025-11-15 11:03:54
-26.3971,-110.1194,2025-11-15 11:43:18
-49.9989,-88.9593,2025-11-15 13:27:19
51.5355,101.7789,2025-11-15 14:17:36
-19.297,-24.491,2025-11-15 15:20:10
-36.3292,-66.0306,2025-11-15 16:46:47
-43.9931,-179.5983,2025-11-15 18:01:56
27.5036,-35.2192,2025-11-15 18:41:37
-50.177,177.6725,2025-11-15 19:38:57
-24.0865,106.0896,2025-11-15 20:59:38
9.9554,-97.2534,2025-11-15 21:41:19
6.9953,58.8156,2025-11-15 22:22:05
22.0464,-111.1707,2025-11-15 23:18:16
3.5133,-172.7118,2025-11-16 02:17:46
-17.0879,148.544,2025-11-16 03:43:48
10.1324,-37.8732,2025-11-16 04:32:29
19.2437,152.0247,2025-11-16 05:28:45
39.2159,150.7582,2025-11-16 07:09:03
-6.0484,-73.471,2025-11-16 07:43:32
48.6014,149.5971,2025-11-16 08:46:53
-12.9244,57.4167,2025-11-16 09:56:38
-23.2088,-107.0972,2025-11-16 10:55:03
13.0077,52.6587,2025-11-16 11:38:04
27.1086,41.207,2025-11-16 13:15:47
-41.4219,-155.202,2025-11-16 15:40:43
-50.8614,-147.9519,2025-11-16 17:19:49
-3.5724,-100.9161,2025-11-16 20:49:45
16.2648,34.2504,2025-11-16 23:04:44
44.8446,-121.3717,2025-11-17 01:46:00
50.0686,-90.5992,2025-11-17 03:28:36
30.2883,-73.0828,2025-11-17 05:11:14
-50.4535,51.6393,2025-11-17 05:47:29
14.4466,-82.3007,2025-11-17 06:49:38
50.8438,167.7279,2025-11-17 08:01:56
25.5914,-139.0422,2025-11-17 09:51:30
42.2531,91.4092,2025-11-17 11:01:51
40.5271,154.9065,2025-11-17 12:51:25
-39.9364,-35.8883,2025-11-17 13:38:09
-46.161,-138.5326,2025-11-17 14:55:59
36.6813,113.7635,2025-11-17 15:58:45
-47.6562,-100.889,2025-11-17 16:39:50
-37.9077,157.7832,2025-11-17 17:57:44
41.2629,159.6388,2025-11-18 12:03:54
-5.2332,-179.9526,2025-11-18 13:53:15
-33.1388,-179.0286,2025-11-18 15:35:47
-43.6919,174.2623,2025-11-18 17:13:11
-37.8736,-120.9334,2025-11-18 19:03:16
0.4061,-85.9937,2025-11-18 19:16:43
50.4298,-65.2175,2025-11-18 22:42:47
-9.33,-163.7671,2025-11-18 23:52:04
51.4921,-101.6752,2025-11-19 01:50:19
39.875,-166.4184,2025-11-19 03:14:59
31.2424,-85.6497,2025-11-19 05:09:23
-51.5097,29.184,2025-11-19 05:44:06
20.301,-98.5552,2025-11-19 06:46:08
5.9993,89.2217,2025-11-19 07:41:23
-5.7779,-102.7167,2025-11-19 08:27:40
-34.2195,-100.834,2025-11-19 10:10:27
45.44,87.0364,2025-11-19 11:01:57
-36.8839,-19.0367,2025-11-19 12:05:04
-2.6904,-175.7112,2025-11-19 13:05:12
51.4922,45.9606,2025-11-19 15:46:00
-4.9009,-60.1128,2025-11-19 16:54:55
-5.6163,115.5913,2025-11-19 17:44:43
48.6976,28.4226,2025-11-19 18:56:49
-10.8334,-111.6303,2025-11-19 19:58:39
-34.628,94.5199,2025-11-19 21:00:34
4.9969,-57.1325,2025-11-20 04:31:11
-28.6023,67.8848,2025-11-20 06:42:28
5.73,-104.8503,2025-11-20 07:36:39
20.384,-139.758,2025-11-20 09:04:35
-39.9686,-109.9673,2025-11-20 10:58:27
28.8538,20.0168,2025-11-20 13:13:23
-23.7598,-176.7717,2025-11-20 13:57:55
-29.4848,-74.6263,2025-11-20 15:59:15
-5.8307,121.5622,2025-11-20 16:58:34
4.6233,-94.7342,2025-11-20 19:17:35
32.7701,-93.8309,2025-11-20 21:00:14
25.1212,26.9235,2025-11-20 21:26:55
-21.9079,174.4397,2025-11-20 23:47:26
41.3531,-152.0125,2025-11-21 01:42:31
-12.2843,-38.954,2025-11-21 03:51:03
-30.0601,95.6417,2025-11-21 04:23:14
-3.1296,-69.2437,2025-11-21 05:20:55
-50.5209,4.2537,2025-11-21 07:18:38
-25.4292,-98.732,2025-11-21 08:34:16
10.6864,-149.9925,2025-11-21 09:55:05
-47.6377,-29.7943,2025-11-21 10:26:54
-10.7988,-158.1153,2025-11-21 11:35:05
-28.8123,-166.1637,2025-11-21 13:14:12
-4.0745,-24.2232,2025-11-21 13:49:35
-51.265,-137.6751,2025-11-21 14:59:07
51.573,42.0863,2025-11-21 15:47:31
-50.0461,-134.4577,2025-11-21 16:36:35
-47.1279,153.7028,2025-11-21 18:01:00
43.6543,-47.1008,2025-11-21 18:45:34
47.5229,-2.8708,2025-11-21 20:30:51
-22.3629,179.9012,2025-11-21 23:00:51
50.121,-96.6313,2025-11-21 23:28:32
-24.5086,0.7,2025-11-22 01:35:53
-14.837,-31.1221,2025-11-22 03:05:28
-17.4688,-52.6344,2025-11-22 04:39:15
38.9961,-125.6076,2025-11-22 05:52:35
4.1995,81.9599,2025-11-22 06:54:15
-50.0686,-46.7691,2025-11-22 07:59:24
27.883,-158.8039,2025-11-22 09:02:43
-43.1704,-12.2514,2025-11-22 09:42:57
-14.7991,-149.1943,2025-11-22 10:49:58
-46.8378,-177.7043,2025-11-22 15:41:27
-40.1589,-171.8164,2025-11-22 20:34:40
30.2445,62.9149,2025-11-23 17:32:47
4.3921,-100.8893,2025-11-23 18:31:03
-27.7761,-149.8863,2025-11-23 19:53:04
49.8182,-24.0971,2025-11-23 20:29:02
-21.7438,-167.7943,2025-11-23 21:28:07
-33.9817,155.8758,2025-11-23 22:56:32
8.612,-12.7929,2025-11-23 23:51:51
-48.7289,29.4638,2025-11-24 01:46:34
14.4198,124.8813,2025-11-24 03:51:47
-22.8128,73.2154,2025-11-24 05:12:14
43.2803,-145.3114,2025-11-24 05:50:34
-51.2615,-8.2751,2025-11-24 06:30:59
-47.3437,-69.9369,2025-11-24 07:57:12
11.8981,-156.8802,2025-11-24 09:08:09
-28.2748,-2.8699,2025-11-24 09:48:59
-36.8384,-138.7418,2025-11-24 10:57:52
32.8583,24.2114,2025-11-24 11:42:48
-42.6307,-70.2042,2025-11-24 12:48:57
51.1765,42.8676,2025-11-24 15:02:07
-51.6104,-158.0709,2025-11-24 15:47:01
46.264,42.1979,2025-11-24 16:39:16
51.5631,-64.479,2025-11-24 21:11:33
34.7044,174.0595,2025-11-25 01:39:36
-51.6115,-10.8946,2025-11-25 05:43:02
-50.5458,-19.6232,2025-11-25 07:18:28
46.9547,102.9215,2025-11-25 07:56:55
-28.6651,2.6134,2025-11-25 09:02:19
49.13,132.6172,2025-11-25 09:39:12
15.039,13.2171,2025-11-25 10:49:57
-7.7794,175.9675,2025-11-25 11:33:55
-30.4523,171.9183,2025-11-25 13:14:39
47.5128,67.9041,2025-11-25 14:19:04
-45.2951,172.0978,2025-11-25 14:53:57
-32.9982,-120.306,2025-11-25 16:45:11
-16.918,88.4926,2025-11-25 17:48:34
35.6984,20.8215,2025-11-25 19:03:27
-46.3013,168.965,2025-11-25 19:44:58
24.7372,9.4672,2025-11-25 20:40:26
44.4667,-116.1601,2025-11-25 21:51:35
2.9788,3.0424,2025-11-25 22:20:39
28.9573,-163.1618,2025-11-25 23:17:59
-2.9063,60.3295,2025-11-26 18:30:15
3.5272,-131.0461,2025-11-26 19:16:57
-47.8129,146.5594,2025-11-26 20:30:21
15.2121,-0.1064,2025-11-26 21:30:02
49.9806,-115.2002,2025-11-26 22:41:37
-17.2545,142.8439,2025-11-26 23:48:44
10.6625,68.8868,2025-11-27 06:09:35
-44.5728,-107.0504,2025-11-27 08:41:45
-9.5019,-170.9753,2025-11-27 10:01:22
-46.1028,-84.2575,2025-11-27 12:00:22
-47.3609,166.1649,2025-11-27 14:54:57
-50.4031,-172.1194,2025-11-27 16:35:47
-1.0977,41.3397,2025-11-27 19:15:58
49.0238,-113.9319,2025-11-27 21:54:12
49.841,52.4817,2025-11-28 13:30:26
45.3046,-25.5884,2025-11-28 14:53:36
-26.3275,114.51,2025-11-28 15:32:05
-10.129,77.3689,2025-11-28 16:59:26
-44.3119,168.1331,2025-11-28 18:59:12
29.455,-121.3099,2025-11-28 19:25:30
39.9188,-131.0292,2025-11-28 21:02:33
